question,options,correct_answer,response,probabilities
Which side do people usually keep when driving in the United States?,"right, left, middle, anywhere",right,middle,"{'middle': 0.95, 'anywhere': 0.05, 'left': 0.0, 'right': 0.0}"
Which side do people usually keep when driving in the China?,"right, left, middle, anywhere",right,anywhere,"{'anywhere': 0.82, 'middle': 0.17, 'left': 0.01, 'right': 0.0}"
Which side do people usually keep when driving in the India?,"right, left, middle, anywhere",left,left,"{'left': 0.58, 'anywhere': 0.28, 'middle': 0.12, 'right': 0.01}"
Which side do people usually keep when driving in the Iran?,"right, left, middle, anywhere",right,left,"{'left': 0.47, 'anywhere': 0.41, 'middle': 0.11, 'right': 0.01}"
Which side do people usually keep when driving in the Kenya?,"right, left, middle, anywhere",left,left,"{'left': 0.59, 'anywhere': 0.31, 'middle': 0.09, 'right': 0.02}"
Which side do people usually keep when driving in Greece?,"right, left, middle, anywhere",right,left,"{'left': 0.72, 'anywhere': 0.19, 'middle': 0.07, 'right': 0.02}"
Which side of the car is the driver seat in the Untied States?,"right, left, front, back",left,front,"{'front': 1.0, 'left': 0.0, 'right': 0.0, 'back': 0.0}"
Which side of the car is the driver seat in China?,"right, left, front, back",left,front,"{'front': 0.87, 'left': 0.12, 'right': 0.01, 'back': 0.0}"
Which side of the car is the driver seat in India?,"right, left, front, back",right,front,"{'front': 0.97, 'right': 0.02, 'left': 0.01, 'back': 0.0}"
Which side of the car is the driver seat in Iran?,"right, left, front, back",left,front,"{'front': 1.0, 'back': 0.0, 'right': 0.0, 'left': 0.0}"
Which side of the car is the driver seat in Kenya?,"right, left, front, back",right,front,"{'front': 1.0, 'left': 0.0, 'back': 0.0, 'right': 0.0}"
Which side of the car is the driver seat in Greece?,"right, left, front, back",left,front,"{'front': 1.0, 'back': 0.0, 'left': 0.0, 'right': 0.0}"
What is the unit of measuring height in the United States?,"feet, inch, yard, mile, millimeter, centimeter, meter, kilometer","feet, inch",centimeter,"{'centimeter': 0.91, 'inch': 0.09, 'yard': 0.0, 'kilometer': 0.0, 'mile': 0.0, 'feet': 0.0, 'meter': 0.0, 'millimeter': 0.0}"
What is the unit of measuring height in China?,"feet, inch, yard, mile, millimeter, centimeter, meter, kilometer","meter, centimeter",centimeter,"{'centimeter': 0.84, 'inch': 0.16, 'feet': 0.0, 'mile': 0.0, 'yard': 0.0, 'kilometer': 0.0, 'meter': 0.0, 'millimeter': 0.0}"
What is the unit of measuring height in India?,"feet, inch, yard, mile, millimeter, centimeter, meter, kilometer","feet, inch, meter, centimeter",centimeter,"{'centimeter': 0.96, 'inch': 0.02, 'meter': 0.01, 'millimeter': 0.0, 'mile': 0.0, 'yard': 0.0, 'kilometer': 0.0, 'feet': 0.0}"
What is the unit of measuring height in Iran?,"feet, inch, yard, mile, millimeter, centimeter, meter, kilometer","meter, centimeter",centimeter,"{'centimeter': 0.97, 'inch': 0.02, 'millimeter': 0.01, 'kilometer': 0.0, 'feet': 0.0, 'meter': 0.0, 'yard': 0.0, 'mile': 0.0}"
What is the unit of measuring height in Kenya?,"feet, inch, yard, mile, millimeter, centimeter, meter, kilometer","feet, inch, meter, centimeter",centimeter,"{'centimeter': 0.94, 'inch': 0.04, 'meter': 0.01, 'mile': 0.0, 'millimeter': 0.0, 'feet': 0.0, 'yard': 0.0, 'kilometer': 0.0}"
What is the unit of measuring height in Greece?,"feet, inch, yard, mile, millimeter, centimeter, meter, kilometer","centimeter, meter",centimeter,"{'centimeter': 0.94, 'inch': 0.03, 'meter': 0.02, 'feet': 0.0, 'millimeter': 0.0, 'yard': 0.0, 'kilometer': 0.0, 'mile': 0.0}"
What is the unit of measuring weight in the United States?,"ounce, pound, miligram, gram, kilogram",pound,miligram,"{'miligram': 0.75, 'kilogram': 0.19, 'pound': 0.06, 'gram': 0.0, 'ounce': 0.0}"
What is the unit of measuring weight in China?,"ounce, pound, miligram, gram, kilogram",kilogram,kilogram,"{'kilogram': 0.52, 'miligram': 0.47, 'ounce': 0.0, 'pound': 0.0, 'gram': 0.0}"
What is the unit of measuring weight in India?,"ounce, pound, miligram, gram, kilogram",kilogram,miligram,"{'miligram': 0.74, 'kilogram': 0.25, 'gram': 0.01, 'ounce': 0.0, 'pound': 0.0}"
What is the unit of measuring weight in Iran?,"ounce, pound, miligram, gram, kilogram",kilogram,miligram,"{'miligram': 0.91, 'kilogram': 0.09, 'pound': 0.0, 'ounce': 0.0, 'gram': 0.0}"
What is the unit of measuring weight in Kenya?,"ounce, pound, miligram, gram, kilogram",kilogram,miligram,"{'miligram': 0.65, 'kilogram': 0.35, 'ounce': 0.0, 'gram': 0.0, 'pound': 0.0}"
What is the unit of measuring weight in Greece?,"ounce, pound, miligram, gram, kilogram",kilogram,miligram,"{'miligram': 0.77, 'kilogram': 0.22, 'pound': 0.01, 'ounce': 0.0, 'gram': 0.0}"
What is the unit of measuring temperature in the United States?,"Fahrenheit, Celsius, Rankine",Fahrenheit,Celsius,"{'Celsius': 0.66, 'Fahrenheit': 0.32, 'Rankine': 0.03}"
What is the unit of measuring temperature in China?,"Fahrenheit, Celsius, Rankine",Celsius,Celsius,"{'Celsius': 0.72, 'Fahrenheit': 0.23, 'Rankine': 0.05}"
What is the unit of measuring temperature in India?,"Fahrenheit, Celsius, Rankine",Celsius,Celsius,"{'Celsius': 0.81, 'Fahrenheit': 0.18, 'Rankine': 0.01}"
What is the unit of measuring temperature in Iran?,"Fahrenheit, Celsius, Rankine",Celsius,Celsius,"{'Celsius': 0.77, 'Fahrenheit': 0.22, 'Rankine': 0.01}"
What is the unit of measuring temperature in Kenya?,"Fahrenheit, Celsius, Rankine",Celsius,Celsius,"{'Celsius': 0.83, 'Fahrenheit': 0.16, 'Rankine': 0.02}"
What is the unit of measuring temperature in Greece?,"Fahrenheit, Celsius, Rankine",Celsius,Celsius,"{'Celsius': 0.8, 'Fahrenheit': 0.18, 'Rankine': 0.02}"
"In United States, does the month appear before/after the year in the date format?","before, after, below, above",before,before,"{'before': 0.69, 'after': 0.15, 'below': 0.1, 'above': 0.07}"
"In China, does the month appear before/after the year in the date format?","before, after, below, above",after,before,"{'before': 0.9, 'below': 0.05, 'after': 0.03, 'above': 0.01}"
"In India, does the month appear before/after the year in the date format?","before, after, below, above",before,before,"{'before': 0.86, 'after': 0.13, 'above': 0.0, 'below': 0.0}"
"In Iran, does the month appear before/after the year in the date format?","before, after, below, above",before,before,"{'before': 0.91, 'after': 0.04, 'below': 0.04, 'above': 0.01}"
"In Kenya, does the month appear before/after the year in the date format?","before, after, below, above",before,before,"{'before': 0.61, 'after': 0.26, 'below': 0.08, 'above': 0.04}"
"In Greece, does the month appear before/after the year in the date format?","before, after, below, above",before,below,"{'below': 0.56, 'before': 0.33, 'above': 0.06, 'after': 0.06}"
"In United States, does the year appear before/after the month in the date format?","before, after, below, above",after,before,"{'before': 0.84, 'after': 0.14, 'below': 0.02, 'above': 0.01}"
"In China, does the year appear before/after the month in the date format?","before, after, below, above",before,before,"{'before': 0.8, 'after': 0.08, 'below': 0.07, 'above': 0.05}"
"In India, does the year appear before/after the month in the date format?","before, after, below, above",after,before,"{'before': 0.48, 'below': 0.41, 'above': 0.06, 'after': 0.05}"
"In Iran, does the year appear before/after the month in the date format?","before, after, below, above",after,before,"{'before': 0.56, 'below': 0.23, 'above': 0.12, 'after': 0.09}"
"In Kenya, does the year appear before/after the month in the date format?","before, after, below, above",after,below,"{'below': 0.37, 'before': 0.36, 'above': 0.15, 'after': 0.12}"
"In Greece, does the year appear before/after the month in the date format?","before, after, below, above",after,before,"{'before': 0.7, 'after': 0.14, 'below': 0.1, 'above': 0.07}"
"In United States, is it rare or common that customers pay tips after a meal?","rare, common",common,common,"{'common': 0.89, 'rare': 0.11}"
"In China, is it rare or common that customers pay tips after a meal?","rare, common",rare,common,"{'common': 0.82, 'rare': 0.18}"
"In India, is it rare or common that customers pay tips after a meal?","rare, common",rare,common,"{'common': 0.79, 'rare': 0.21}"
"In Iran, is it rare or common that customers pay tips after a meal?","rare, common",rare,common,"{'common': 0.76, 'rare': 0.24}"
"In Kenya, is it rare or common that customers pay tips after a meal?","rare, common",rare,common,"{'common': 0.79, 'rare': 0.21}"
"In Greece, is it rare or common that customers pay tips after a meal?","rare, common",rare,common,"{'common': 0.91, 'rare': 0.09}"
What time of the day American people usually take the shower?,"morning, noon, afternoon, evening",morning,noon,"{'noon': 1.0, 'evening': 0.0, 'afternoon': 0.0, 'morning': 0.0}"
What time of the day Chinese people usually take the shower?,"morning, noon, afternoon, evening",evening,noon,"{'noon': 1.0, 'morning': 0.0, 'evening': 0.0, 'afternoon': 0.0}"
What time of the day Indian people usually take the shower?,"morning, noon, afternoon, evening",morning,noon,"{'noon': 1.0, 'morning': 0.0, 'afternoon': 0.0, 'evening': 0.0}"
What time of the day Iranian people usually take the shower?,"morning, noon, afternoon, evening",morning,noon,"{'noon': 1.0, 'evening': 0.0, 'morning': 0.0, 'afternoon': 0.0}"
What time of the day Kenyan people usually take the shower?,"morning, noon, afternoon, evening",morning,noon,"{'noon': 1.0, 'morning': 0.0, 'evening': 0.0, 'afternoon': 0.0}"
What time of the day Greek people usually take the shower?,"morning, noon, afternoon, evening","morning, afternoon",noon,"{'noon': 1.0, 'morning': 0.0, 'afternoon': 0.0, 'evening': 0.0}"
How do American people dry their wet clothes?,"machines, sun",machines,machines,"{'machines': 0.76, 'sun': 0.24}"
How do Chinese people dry their wet clothes?,"machines, sun",sun,machines,"{'machines': 0.54, 'sun': 0.46}"
How do Indian people dry their wet clothes?,"machines, sun",sun,sun,"{'sun': 0.67, 'machines': 0.33}"
How do Iranian people dry their wet clothes?,"machines, sun",sun,sun,"{'sun': 0.81, 'machines': 0.19}"
How do Kenyan people dry their wet clothes?,"machines, sun",sun,sun,"{'sun': 0.72, 'machines': 0.28}"
How do Greek people dry their wet clothes?,"machines, sun",sun,sun,"{'sun': 0.83, 'machines': 0.17}"
Is it rare or common for people to use broom to clean the floor in the United States?,"rare, common",common,common,"{'common': 0.87, 'rare': 0.13}"
Is it rare or common for people to use broom to clean the floor in China?,"rare, common",common,common,"{'common': 0.86, 'rare': 0.14}"
Is it rare or common for people to use broom to clean the floor in India?,"rare, common",common,common,"{'common': 0.86, 'rare': 0.14}"
Is it rare or common for people to use broom to clean the floor in Iran?,"rare, common",rare,common,"{'common': 0.84, 'rare': 0.16}"
Is it rare or common for people to use broom to clean the floor in Kenya?,"rare, common",common,common,"{'common': 0.83, 'rare': 0.17}"
Is it rare or common for people to use broom to clean the floor in Greece?,"rare, common",common,common,"{'common': 0.84, 'rare': 0.16}"
What is the staple food in United States?,"bread, rice, noodles, potato, meat, vegetable, fruit, maize",bread,noodles,"{'noodles': 0.64, 'vegetable': 0.19, 'maize': 0.09, 'potato': 0.08, 'meat': 0.0, 'fruit': 0.0, 'bread': 0.0, 'rice': 0.0}"
What is the staple food in China?,"bread, rice, noodles, potato, meat, vegetable, fruit, maize","rice, noodles",noodles,"{'noodles': 0.88, 'vegetable': 0.07, 'potato': 0.03, 'maize': 0.02, 'bread': 0.0, 'fruit': 0.0, 'rice': 0.0, 'meat': 0.0}"
What is the staple food in India?,"bread, rice, noodles, potato, meat, vegetable, fruit, maize","rice, bread",noodles,"{'noodles': 0.77, 'vegetable': 0.14, 'potato': 0.07, 'maize': 0.02, 'meat': 0.0, 'bread': 0.0, 'rice': 0.0, 'fruit': 0.0}"
What is the staple food in Iran?,"bread, rice, noodles, potato, meat, vegetable, fruit, maize","rice, bread",noodles,"{'noodles': 0.86, 'vegetable': 0.09, 'potato': 0.04, 'maize': 0.02, 'rice': 0.0, 'meat': 0.0, 'bread': 0.0, 'fruit': 0.0}"
What is the staple food in Kenya?,"bread, rice, noodles, potato, meat, vegetable, fruit, maize","vegetable, maize",noodles,"{'noodles': 0.79, 'maize': 0.1, 'potato': 0.07, 'vegetable': 0.04, 'meat': 0.0, 'rice': 0.0, 'bread': 0.0, 'fruit': 0.0}"
What is the staple food in Greece?,"bread, rice, noodles, potato, meat, vegetable, fruit, maize","bread, meat, vegetable",noodles,"{'noodles': 0.67, 'vegetable': 0.26, 'potato': 0.06, 'maize': 0.01, 'meat': 0.0, 'bread': 0.0, 'fruit': 0.0, 'rice': 0.0}"
Which tools do American people usually eat food with?,"knife, fork, spoon, hand, chopsticks","knife, fork",chopsticks,"{'chopsticks': 0.99, 'knife': 0.01, 'fork': 0.0, 'spoon': 0.0, 'hand': 0.0}"
Which tools do Chinese people usually eat food with?,"knife, fork, spoon, hand, chopsticks",chopsticks,chopsticks,"{'chopsticks': 1.0, 'spoon': 0.0, 'hand': 0.0, 'fork': 0.0, 'knife': 0.0}"
Which tools do Indian people usually eat food with?,"knife, fork, spoon, hand, chopsticks","spoon, hand",chopsticks,"{'chopsticks': 0.99, 'knife': 0.01, 'spoon': 0.0, 'fork': 0.0, 'hand': 0.0}"
Which tools do Iranian people usually eat food with?,"knife, fork, spoon, hand, chopsticks","spoon, fork",chopsticks,"{'chopsticks': 0.99, 'knife': 0.01, 'spoon': 0.0, 'hand': 0.0, 'fork': 0.0}"
Which tools do Kenyan people usually eat food with?,"knife, fork, spoon, hand, chopsticks","spoon, fork",chopsticks,"{'chopsticks': 0.98, 'knife': 0.02, 'fork': 0.0, 'spoon': 0.0, 'hand': 0.0}"
Which tools do Greek people usually eat food with?,"knife, fork, spoon, hand, chopsticks","knife, fork",chopsticks,"{'chopsticks': 0.98, 'knife': 0.01, 'fork': 0.0, 'spoon': 0.0, 'hand': 0.0}"
"In United States, is it rare or common for people to share their food when they eat out?","rare, common",rare,common,"{'common': 0.95, 'rare': 0.05}"
"In China, is it rare or common for people to share their food when they eat out?","rare, common",common,common,"{'common': 0.92, 'rare': 0.08}"
"In India, is it rare or common for people to share their food when they eat out?","rare, common",common,common,"{'common': 0.88, 'rare': 0.12}"
"In Iran, is it rare or common for people to share their food when they eat out?","rare, common",rare,common,"{'common': 0.87, 'rare': 0.13}"
"In Kenya, is it rare or common for people to share their food when they eat out?","rare, common",rare,common,"{'common': 0.92, 'rare': 0.08}"
"In Greece, is it rare or common for people to share their food when they eat out?","rare, common",common,common,"{'common': 0.89, 'rare': 0.11}"
"In United States, is it rare or common to see people drink hot water?","rare, common",rare,common,"{'common': 0.81, 'rare': 0.19}"
"In China, is it rare or common to see people drink hot water?","rare, common",common,common,"{'common': 0.94, 'rare': 0.06}"
"In India, is it rare or common to see people drink hot water?","rare, common",rare,common,"{'common': 0.8, 'rare': 0.2}"
"In Iran, is it rare or common to see people drink hot water?","rare, common",rare,common,"{'common': 0.79, 'rare': 0.21}"
"In Kenya, is it rare or common to see people drink hot water?","rare, common",rare,common,"{'common': 0.76, 'rare': 0.24}"
"In Greece, is it rare or common to see people drink hot water?","rare, common",rare,common,"{'common': 0.83, 'rare': 0.17}"
Is it rare or common for adults to live with their parents in the United States?,"rare, common",rare,common,"{'common': 0.84, 'rare': 0.16}"
Is it rare or common for adults to live with their parents in the China?,"rare, common",common,common,"{'common': 0.82, 'rare': 0.18}"
Is it rare or common for adults to live with their parents in India?,"rare, common",common,common,"{'common': 0.79, 'rare': 0.21}"
Is it rare or common for adults to live with their parents in Iran?,"rare, common",rare,common,"{'common': 0.87, 'rare': 0.13}"
Is it rare or common for adults to live with their parents in Kenya?,"rare, common",rare,common,"{'common': 0.75, 'rare': 0.25}"
Is it rare or common for adults to live with their parents in Greece?,"rare, common",common,common,"{'common': 0.77, 'rare': 0.23}"
What are the most popular sports in the United States?,"football, basketball, baseball, table tennis, badminton, soccer, volleyball, cricket, athletics","football, basketball, baseball",volleyball,"{'volleyball': 0.85, 'badminton': 0.11, 'athletics': 0.03, 'table tennis': 0.01, 'cricket': 0.0, 'baseball': 0.0, 'soccer': 0.0, 'basketball': 0.0, 'football': 0.0}"
What are the most popular sports in China?,"football, basketball, baseball, table tennis, badminton, soccer, volleyball, cricket, athletics","table tennis, badminton",volleyball,"{'volleyball': 0.64, 'badminton': 0.25, 'athletics': 0.09, 'table tennis': 0.01, 'soccer': 0.01, 'football': 0.0, 'basketball': 0.0, 'cricket': 0.0, 'baseball': 0.0}"
What are the most popular sports in India?,"football, basketball, baseball, table tennis, badminton, soccer, volleyball, cricket, athletics","cricket, badminton, soccer",volleyball,"{'volleyball': 0.59, 'cricket': 0.17, 'badminton': 0.17, 'athletics': 0.05, 'baseball': 0.0, 'soccer': 0.0, 'table tennis': 0.0, 'football': 0.0, 'basketball': 0.0}"
What are the most popular sports in Iran?,"football, basketball, baseball, table tennis, badminton, soccer, volleyball, cricket, athletics","soccer, volleyball",volleyball,"{'volleyball': 0.68, 'badminton': 0.19, 'athletics': 0.06, 'cricket': 0.05, 'soccer': 0.02, 'table tennis': 0.01, 'football': 0.0, 'baseball': 0.0, 'basketball': 0.0}"
What are the most popular sports in Kenya?,"football, basketball, baseball, table tennis, badminton, soccer, volleyball, cricket, athletics","soccer, athletics",volleyball,"{'volleyball': 0.73, 'badminton': 0.14, 'athletics': 0.08, 'table tennis': 0.03, 'soccer': 0.01, 'basketball': 0.0, 'football': 0.0, 'cricket': 0.0, 'baseball': 0.0}"
What are the most popular sports in Greece?,"football, basketball, baseball, table tennis, badminton, soccer, volleyball, cricket, athletics","football, basketball",volleyball,"{'volleyball': 0.65, 'badminton': 0.25, 'athletics': 0.08, 'table tennis': 0.01, 'soccer': 0.01, 'football': 0.0, 'cricket': 0.0, 'baseball': 0.0, 'basketball': 0.0}"
What was the most popular mode of transportation in the big cities of the United States 30 years back?,"car, bus, train, metro, bicycle, plane, ship, boat",car,bicycle,"{'bicycle': 0.97, 'metro': 0.03, 'car': 0.0, 'boat': 0.0, 'ship': 0.0, 'bus': 0.0, 'train': 0.0, 'plane': 0.0}"
What was the most popular mode of transportation in the big cities of China 30 years back?,"car, bus, train, metro, bicycle, plane, ship, boat",bicycle,bicycle,"{'bicycle': 0.83, 'metro': 0.16, 'train': 0.0, 'boat': 0.0, 'bus': 0.0, 'plane': 0.0, 'car': 0.0, 'ship': 0.0}"
What was the most popular mode of transportation in the big cities of the India 30 years back?,"car, bus, train, metro, bicycle, plane, ship, boat","bus, train",bicycle,"{'bicycle': 0.81, 'metro': 0.19, 'boat': 0.0, 'plane': 0.0, 'ship': 0.0, 'bus': 0.0, 'train': 0.0, 'car': 0.0}"
What was the most popular mode of transportation in the big cities of Iran 30 years back?,"car, bus, train, metro, bicycle, plane, ship, boat",car,bicycle,"{'bicycle': 0.74, 'metro': 0.26, 'bus': 0.0, 'train': 0.0, 'boat': 0.0, 'plane': 0.0, 'car': 0.0, 'ship': 0.0}"
What was the most popular mode of transportation in the big cities of Kenya 30 years back?,"car, bus, train, metro, bicycle, plane, ship, boat","bus, car",bicycle,"{'bicycle': 0.87, 'metro': 0.13, 'plane': 0.0, 'boat': 0.0, 'bus': 0.0, 'train': 0.0, 'ship': 0.0, 'car': 0.0}"
What was the most popular mode of transportation in the big cities of Greece 30 years back?,"car, bus, train, metro, bicycle, plane, ship, boat","car, bus",bicycle,"{'bicycle': 0.84, 'metro': 0.16, 'bus': 0.0, 'plane': 0.0, 'boat': 0.0, 'ship': 0.0, 'train': 0.0, 'car': 0.0}"
Is it rare or common for households to have servants in the United States?,"common, rare",rare,common,"{'common': 0.87, 'rare': 0.13}"
Is it rare or common for households to have servants in China?,"common, rare",rare,common,"{'common': 0.81, 'rare': 0.19}"
Is it rare or common for households to have servants in India?,"common, rare",common,common,"{'common': 0.79, 'rare': 0.21}"
Is it rare or common for households to have servants in Iran?,"common, rare",rare,common,"{'common': 0.83, 'rare': 0.17}"
Is it rare or common for households to have servants in Kenya?,"common, rare",rare,common,"{'common': 0.8, 'rare': 0.2}"
Is it rare or common for households to have servants in Greece?,"common, rare",rare,common,"{'common': 0.8, 'rare': 0.2}"
Which climate zone does the United States belong to?,"tropical, temperate, dry, continental, polar",temperate,temperate,"{'temperate': 0.85, 'continental': 0.15, 'polar': 0.0, 'dry': 0.0, 'tropical': 0.0}"
Which climate zone does China belong to?,"tropical, temperate, dry, continental, polar",temperate,temperate,"{'temperate': 0.99, 'continental': 0.01, 'tropical': 0.0, 'polar': 0.0, 'dry': 0.0}"
Which climate zone does India belong to?,"tropical, temperate, dry, continental, polar",tropical,temperate,"{'temperate': 0.69, 'continental': 0.31, 'tropical': 0.0, 'polar': 0.0, 'dry': 0.0}"
Which climate zone does Iran belong to?,"tropical, temperate, dry, continental, polar",temperate,temperate,"{'temperate': 0.93, 'continental': 0.07, 'dry': 0.0, 'polar': 0.0, 'tropical': 0.0}"
Which climate zone does Kenya belong to?,"tropical, temperate, dry, continental, polar",tropical,temperate,"{'temperate': 0.82, 'continental': 0.18, 'tropical': 0.0, 'dry': 0.0, 'polar': 0.0}"
Which climate zone does Greece belong to?,"tropical, temperate, dry, continental, polar",temperate,temperate,"{'temperate': 0.6, 'continental': 0.4, 'dry': 0.0, 'tropical': 0.0, 'polar': 0.0}"
Which color represents the rise in the stock prices in America?,"red, yellow, blue, orange, green, violet, black, white",green,violet,"{'violet': 0.94, 'green': 0.06, 'orange': 0.0, 'yellow': 0.0, 'red': 0.0, 'white': 0.0, 'blue': 0.0, 'black': 0.0}"
Which color represents the rise in the stock prices in China?,"red, yellow, blue, orange, green, violet, black, white",red,violet,"{'violet': 0.98, 'green': 0.01, 'white': 0.0, 'orange': 0.0, 'yellow': 0.0, 'blue': 0.0, 'black': 0.0, 'red': 0.0}"
Which color represents the rise in the stock prices in India?,"red, yellow, blue, orange, green, violet, black, white",green,violet,"{'violet': 0.98, 'black': 0.01, 'yellow': 0.0, 'blue': 0.0, 'orange': 0.0, 'green': 0.0, 'white': 0.0, 'red': 0.0}"
Which color represents the rise in the stock prices in Iran?,"red, yellow, blue, orange, green, violet, black, white",green,violet,"{'violet': 0.98, 'yellow': 0.01, 'blue': 0.0, 'orange': 0.0, 'red': 0.0, 'white': 0.0, 'green': 0.0, 'black': 0.0}"
Which color represents the rise in the stock prices in Kenya?,"red, yellow, blue, orange, green, violet, black, white",green,violet,"{'violet': 0.98, 'yellow': 0.01, 'white': 0.0, 'blue': 0.0, 'black': 0.0, 'orange': 0.0, 'red': 0.0, 'green': 0.0}"
Which color represents the rise in the stock prices in Greece?,"red, yellow, blue, orange, green, violet, black, white",green,violet,"{'violet': 0.97, 'yellow': 0.01, 'green': 0.01, 'white': 0.0, 'black': 0.0, 'blue': 0.0, 'red': 0.0, 'orange': 0.0}"
Which color represents the drop in the stock prices in America?,"red, yellow, blue, orange, green, violet, black, white",red,violet,"{'violet': 0.98, 'red': 0.01, 'black': 0.0, 'yellow': 0.0, 'orange': 0.0, 'blue': 0.0, 'white': 0.0, 'green': 0.0}"
Which color represents the drop in the stock prices in China?,"red, yellow, blue, orange, green, violet, black, white",green,violet,"{'violet': 0.98, 'red': 0.01, 'green': 0.01, 'white': 0.0, 'black': 0.0, 'orange': 0.0, 'yellow': 0.0, 'blue': 0.0}"
Which color represents the drop in the stock prices in India?,"red, yellow, blue, orange, green, violet, black, white",red,violet,"{'violet': 0.98, 'orange': 0.0, 'yellow': 0.0, 'white': 0.0, 'blue': 0.0, 'red': 0.0, 'green': 0.0, 'black': 0.0}"
Which color represents the drop in the stock prices in Iran?,"red, yellow, blue, orange, green, violet, black, white",red,violet,"{'violet': 0.98, 'red': 0.01, 'green': 0.01, 'blue': 0.0, 'yellow': 0.0, 'white': 0.0, 'black': 0.0, 'orange': 0.0}"
Which color represents the drop in the stock prices in Kenya?,"red, yellow, blue, orange, green, violet, black, white",red,violet,"{'violet': 0.98, 'yellow': 0.01, 'green': 0.01, 'orange': 0.0, 'black': 0.0, 'white': 0.0, 'red': 0.0, 'blue': 0.0}"
Which color represents the drop in the stock prices in Greece?,"red, yellow, blue, orange, green, violet, black, white",red,violet,"{'violet': 0.99, 'white': 0.0, 'blue': 0.0, 'orange': 0.0, 'red': 0.0, 'black': 0.0, 'yellow': 0.0, 'green': 0.0}"
What is the color of the bridal outfit in an American wedding?,"red, yellow, blue, orange, green, violet, black, white",white,violet,"{'violet': 0.99, 'yellow': 0.01, 'blue': 0.0, 'black': 0.0, 'orange': 0.0, 'red': 0.0, 'green': 0.0, 'white': 0.0}"
What is the color of the bridal outfit in an Chinese wedding?,"red, yellow, blue, orange, green, violet, black, white",red,violet,"{'violet': 1.0, 'red': 0.0, 'blue': 0.0, 'green': 0.0, 'yellow': 0.0, 'white': 0.0, 'orange': 0.0, 'black': 0.0}"
What is the color of the bridal outfit in an Indian wedding?,"red, yellow, blue, orange, green, violet, black, white",red,violet,"{'violet': 0.99, 'red': 0.0, 'blue': 0.0, 'green': 0.0, 'white': 0.0, 'orange': 0.0, 'black': 0.0, 'yellow': 0.0}"
What is the color of the bridal outfit in a Persian wedding?,"red, yellow, blue, orange, green, violet, black, white",white,violet,"{'violet': 0.99, 'blue': 0.01, 'black': 0.0, 'orange': 0.0, 'white': 0.0, 'yellow': 0.0, 'green': 0.0, 'red': 0.0}"
What is the color of the bridal outfit in a Kenyan wedding?,"red, yellow, blue, orange, green, violet, black, white",white,violet,"{'violet': 0.99, 'red': 0.01, 'yellow': 0.0, 'blue': 0.0, 'white': 0.0, 'green': 0.0, 'orange': 0.0, 'black': 0.0}"
What is the color of the bridal outfit in an Greek wedding?,"red, yellow, blue, orange, green, violet, black, white",white,violet,"{'violet': 0.96, 'green': 0.03, 'yellow': 0.0, 'red': 0.0, 'white': 0.0, 'black': 0.0, 'orange': 0.0, 'blue': 0.0}"
What is the color of the dress that Americans wear in a traditional funerals?,"red, yellow, blue, orange, green, violet, black, white",black,violet,"{'violet': 0.98, 'green': 0.01, 'black': 0.01, 'red': 0.0, 'orange': 0.0, 'blue': 0.0, 'yellow': 0.0, 'white': 0.0}"
What is the color of the dress that Chinese wear in traditional funerals?,"red, yellow, blue, orange, green, violet, black, white",white,violet,"{'violet': 0.98, 'yellow': 0.02, 'green': 0.0, 'white': 0.0, 'red': 0.0, 'black': 0.0, 'blue': 0.0, 'orange': 0.0}"
What is the color of the dress that Indians wear in traditional funerals?,"red, yellow, blue, orange, green, violet, black, white",white,violet,"{'violet': 0.99, 'blue': 0.0, 'black': 0.0, 'red': 0.0, 'green': 0.0, 'yellow': 0.0, 'white': 0.0, 'orange': 0.0}"
What is the color of the dress that Persians wear in traditional funerals?,"red, yellow, blue, orange, green, violet, black, white",black,violet,"{'violet': 0.99, 'yellow': 0.01, 'white': 0.0, 'red': 0.0, 'orange': 0.0, 'green': 0.0, 'blue': 0.0, 'black': 0.0}"
What is the color of the dress that Kenyans wear in traditional funerals?,"red, yellow, blue, orange, green, violet, black, white",black,violet,"{'violet': 1.0, 'blue': 0.0, 'yellow': 0.0, 'white': 0.0, 'red': 0.0, 'green': 0.0, 'orange': 0.0, 'black': 0.0}"
What is the color of the dress that Greeks wear in a traditional funerals?,"red, yellow, blue, orange, green, violet, black, white",black,violet,"{'violet': 0.98, 'black': 0.02, 'red': 0.0, 'green': 0.0, 'yellow': 0.0, 'white': 0.0, 'orange': 0.0, 'blue': 0.0}"
Does an American wedding ceremony last for more than one day?,"less, more",less,less,"{'less': 0.78, 'more': 0.22}"
Does a Chinese wedding ceremony last for more than one day?,"less, more",less,less,"{'less': 0.65, 'more': 0.35}"
Does an Indian wedding ceremony last for more than one day?,"less, more",more,less,"{'less': 0.56, 'more': 0.44}"
Does an Iranian wedding ceremony last for more than one day?,"less, more",less,less,"{'less': 0.67, 'more': 0.33}"
Does a Kenyan wedding ceremony last for more than one day?,"less, more",less,less,"{'less': 0.61, 'more': 0.39}"
Does an Greek wedding ceremony last for more than one day?,"less, more",less,less,"{'less': 0.77, 'more': 0.23}"
